mse,mae,r2
0.019950460649841992,0.11264282519916202,-0.07191579523602853
0.019820692150310272,0.11221962739310708,-0.06494347981867832
0.01981087363841234,0.11219727964357863,-0.0644159422257462
