mse,mae,r2
0.019950460649841992,0.11264282519916202,-0.07191579523602853
